bins,one,two,three,four,five
1% run missed,53.800000000000004,51.5,43.9,42.4,39.2
5% run missed,16.1,14.499999999999998,13.5,12.2,10.8
10% run missed,4.6,3.9,4.3,3.5999999999999996,3.2
20% run missed,0.5,0.4,0.6,0.4,0.4
30% run missed,0.1,0,0.1,0.1,0
40% run missed,0,0,0,0,0
50% run missed,0,0,0,0,0
