bins,one,two,three,four,five
1% run missed,49.5,47.3,40.300000000000004,38.7,35.8
5% run missed,11.700000000000001,10.4,10,8.799999999999999,7.9
10% run missed,2.6,2.1,2.5,2,1.7999999999999998
20% run missed,0.2,0.1,0.2,0.1,0.1
30% run missed,0,0,0,0,0
40% run missed,0,0,0,0,0
50% run missed,0,0,0,0,0
