bins,five,four,one,three,two
1% run missed,99.3,99.3,99.1,99.2,99.2
5% run missed,50.7,53.2,56.89999999999999,54.900000000000006,56.10000000000001
10% run missed,6.9,8.6,12.2,10,11.4
20% run missed,0,0.1,0.2,0.1,0.2
30% run missed,0,0,0,0,0
40% run missed,0,0,0,0,0
50% run missed,0,0,0,0,0
