bins,one,two,three,four,five
1% run missed,50.8,48.6,41.3,39.800000000000004,36.8
5% run missed,12.9,11.5,10.9,9.700000000000001,8.7
10% run missed,3.1,2.5,3,2.4,2.1
20% run missed,0.2,0.2,0.3,0.2,0.2
30% run missed,0,0,0,0,0
40% run missed,0,0,0,0,0
50% run missed,0,0,0,0,0
