bins,one,two,three,four,five
1% run missed,97.3,97.39999999999999,97.5,97.6,97.7
5% run missed,40.300000000000004,39.6,38.4,37.2,35.199999999999996
10% run missed,5.6000000000000005,5.2,4.6,4,3.2
20% run missed,0,0,0,0,0
30% run missed,0,0,0,0,0
40% run missed,0,0,0,0,0
50% run missed,0,0,0,0,0
