bins,one,two,three,four,five
1% run missed,99.1,99.2,99.2,99.3,99.3
5% run missed,56.89999999999999,56.10000000000001,54.900000000000006,53.2,50.7
10% run missed,12.2,11.4,10,8.6,6.9
20% run missed,0.2,0.2,0.1,0.1,0
30% run missed,0,0,0,0,0
40% run missed,0,0,0,0,0
50% run missed,0,0,0,0,0
