year,count,fitted
2012,62459,64750.6701343147
2013,118767,129983.67018197369
2014,102994,111347.13801014691
2015,95093,99523.15527928298
2016,56738,56738
2017,91092,92280.92020117342
2018,26704,27948.72465935167
2019,72530,73476.65164448522
2020,63343,65666.77714260224
2021,118209,123350.7948324765
