bins,one,two,three,four,five
1% run missed,52.1,52.1,52.1,52.1,52.1
5% run missed,13.700000000000001,13.700000000000001,13.700000000000001,13.700000000000001,13.700000000000001
10% run missed,3.4000000000000004,3.4000000000000004,3.4000000000000004,3.4000000000000004,3.4000000000000004
20% run missed,0.2,0.2,0.2,0.2,0.2
30% run missed,0,0,0,0,0
40% run missed,0,0,0,0,0
50% run missed,0,0,0,0,0
