bins,one,two,three,four,five
1% run missed,88.7,88,86.7,85.39999999999999,83.7
5% run missed,20.7,18,15.7,13.700000000000001,11.700000000000001
10% run missed,1.7999999999999998,1.3,0.8999999999999999,0.7000000000000001,0.5
20% run missed,0,0,0,0,0
30% run missed,0,0,0,0,0
40% run missed,0,0,0,0,0
50% run missed,0,0,0,0,0
