bins,five,four,one,three,two
1% run missed,83.7,85.39999999999999,88.7,86.7,88
5% run missed,11.700000000000001,13.700000000000001,20.7,15.7,18
10% run missed,0.5,0.7000000000000001,1.7999999999999998,0.8999999999999999,1.3
20% run missed,0,0,0,0,0
30% run missed,0,0,0,0,0
40% run missed,0,0,0,0,0
50% run missed,0,0,0,0,0
