bins,one,two,three,four,five
1% run missed,50.1,50.1,50.1,50.1,50.1
5% run missed,12.5,12.5,12.5,12.5,12.5
10% run missed,2.9000000000000004,2.9000000000000004,2.9000000000000004,2.9000000000000004,2.9000000000000004
20% run missed,0.2,0.2,0.2,0.2,0.2
30% run missed,0,0,0,0,0
40% run missed,0,0,0,0,0
50% run missed,0,0,0,0,0
