bins,one,two,three,four,five
1% run missed,49.2,49,48.8,48.5,48.199999999999996
5% run missed,11,10.6,10.299999999999999,9.9,9.5
10% run missed,2.1999999999999997,2.1,1.9,1.7999999999999998,1.6
20% run missed,0.1,0.1,0.1,0.1,0.1
30% run missed,0,0,0,0,0
40% run missed,0,0,0,0,0
50% run missed,0,0,0,0,0
