bins,one,two,three,four,five
1% run missed,29.7,29.7,29.7,29.7,29.7
5% run missed,3.5000000000000004,3.5000000000000004,3.5000000000000004,3.5000000000000004,3.5000000000000004
10% run missed,0.4,0.4,0.4,0.4,0.4
20% run missed,0,0,0,0,0
30% run missed,0,0,0,0,0
40% run missed,0,0,0,0,0
50% run missed,0,0,0,0,0
