bins,one,two,three,four,five
1% run missed,90.5,90.10000000000001,89.60000000000001,89.2,88.8
5% run missed,39.2,36.8,34.5,32.6,30.599999999999998
10% run missed,10.6,9,7.7,6.7,5.7
20% run missed,0.6,0.4,0.3,0.2,0.1
30% run missed,0,0,0,0,0
40% run missed,0,0,0,0,0
50% run missed,0,0,0,0,0
