bins,five,four,one,three,two
1% run missed,88.8,89.2,90.5,89.60000000000001,90.10000000000001
5% run missed,30.599999999999998,32.6,39.2,34.5,36.8
10% run missed,5.7,6.7,10.6,7.7,9
20% run missed,0.1,0.2,0.6,0.3,0.4
30% run missed,0,0,0,0,0
40% run missed,0,0,0,0,0
50% run missed,0,0,0,0,0
