bins,one,two,three,four,five
1% run missed,34.599999999999994,32.300000000000004,30.2,27.700000000000003,25.1
5% run missed,3.5000000000000004,2.6,2,1.7000000000000002,1.0999999999999999
10% run missed,0.3,0.2,0.1,0.1,0
20% run missed,0,0,0,0,0
30% run missed,0,0,0,0,0
40% run missed,0,0,0,0,0
50% run missed,0,0,0,0,0
