year,count,fitted
2012,107723,159169
2013,110979,140368
2014,70470,102492
2015,135110,265252
2016,85935,131271
2017,88197,110337
2018,108047,159256
2019,134958,141124
2020,50745.5263158,61564.5263158
2021,64998,99621
